iter,game_number,elapsed_time,last_1_avg,last_10_avg,last_100_avg,max_score_log,loss_train,loss_predict,learning_rate,epsilon
0,1,1.1030828952789307,2.0,2.0,2.0,2,-1,-1,0.0001,0
0,2,8.853975534439087,2.0,2.0,2.0,2,-1,-1,0.0001,0
1,3,21.7020366191864,85.0,29.666666666666668,29.666666666666668,85,0.0019843865,0.00082787295,9.7003e-05,0.0
1,4,22.043126821517944,3.0,23.0,23.0,85,0.0019843865,0.00082787295,9.7003e-05,0.0
