iter,game_number,elapsed_time,last_1_avg,last_10_avg,last_100_avg,max_score_log,loss_train,loss_predict,learning_rate,epsilon
1,1,12.977819681167603,42.0,42.0,42.0,42,0.0033122387,0.0029525924,9.703000000000001e-05,0.0
1,2,13.160915851593018,0.0,21.0,21.0,42,0.0033122387,0.0029525924,9.703000000000001e-05,0.0
1,3,13.336445808410645,1.0,14.333333333333334,14.333333333333334,42,0.0033122387,0.0029525924,9.703000000000001e-05,0.0
